Bean_Type,Roast_Level,Grind_Size,Brewing_Method,Water_Temp_C,Brew_Time_sec,Coffee_Water_Ratio,Acidity_Pref,Bitterness_Pref,Flavor_Score
Arabica,Medium,Fine,French Press,93.49014245903369,234.4694279531526,0.067,4,4,6.78
Arabica,Medium,Coarse,French Press,91.29758912915246,303.16851262029564,0.056,1,3,6.14
Blend,Light,Coarse,Pour-over,92.06666547983595,222.8882834558662,0.062,3,3,5.81
Robusta,Dark,Medium,French Press,85.58113803177127,214.82100156302997,0.064,0,2,4.7
Blend,Dark,Coarse,Pour-over,93.25103332898952,273.29847428484624,0.063,1,3,5.18
Robusta,Medium,Fine,Cold Brew,93.99396302824955,234.39126010571968,0.059,3,3,5.7
Blend,Dark,Medium,Pour-over,91.9595083257862,197.69156284176398,0.056,5,0,5.41
Robusta,Light,Fine,French Press,88.33746905008694,248.3545438001902,0.064,5,4,3.53
Blend,Dark,Coarse,Cold Brew,94.21539973998622,246.8547312475988,0.057,3,0,5.03
Blend,Dark,Coarse,Cold Brew,96.92531334804222,258.4326520059455,0.065,4,0,4.54
Robusta,Dark,Fine,Espresso,89.46974022992215,219.46698378411335,0.056,0,0,4.28
Robusta,Medium,Coarse,Pour-over,94.66324537878008,275.77329320435047,0.057,1,0,4.86
Arabica,Light,Medium,Pour-over,89.3109944506121,235.52048717972232,0.061,5,4,6.9
Blend,Medium,Fine,Pour-over,96.06872008571247,237.11959513678664,0.057,5,2,7.04
Robusta,Medium,Coarse,Espresso,93.08418681652525,301.52146265863877,0.068,2,0,4.5
Arabica,Dark,Coarse,Cold Brew,92.99867732146679,184.77131902910992,0.07,0,3,4.33
Robusta,Medium,Coarse,Cold Brew,97.38284252902575,263.2275816692011,0.058,4,2,5.74
Robusta,Dark,Fine,Pour-over,94.47119923092542,251.7223698258229,0.06,4,5,4.93
Robusta,Light,Fine,French Press,87.55272725942326,230.84609935043935,0.062,5,2,4.72
Arabica,Light,Coarse,Pour-over,90.92066556412404,268.9633300610351,0.06,2,5,5.55
Blend,Medium,Fine,Espresso,89.38908513631678,219.73427121473904,0.064,5,4,5.59
Robusta,Dark,Medium,French Press,94.74465296577803,213.35757519078285,0.059,0,3,4.01
Blend,Light,Medium,Cold Brew,92.7726511721683,237.0221633693533,0.071,5,1,5.05
Arabica,Medium,Fine,Espresso,93.37224694615743,237.42487796796132,0.056,0,0,6.8
Blend,Light,Medium,Cold Brew,90.2758723771598,223.14007118640467,0.063,5,3,5.46
Robusta,Medium,Coarse,Espresso,89.93241736860726,269.1133245666347,0.063,1,5,4.32
Arabica,Dark,Fine,Espresso,95.65415131326954,224.42167902786073,0.068,0,3,6.9
Arabica,Light,Fine,Pour-over,92.24291241783371,223.341745457945,0.059,1,2,7.25
Robusta,Medium,Medium,Espresso,90.39151969946293,283.8611542597953,0.057,0,0,5.07
Robusta,Light,Fine,French Press,85.0,259.27916556011576,0.067,1,5,4.25
Robusta,Dark,Coarse,French Press,88.91686740773453,269.64962540180875,0.058,0,3,2.67
Arabica,Medium,Fine,Espresso,92.55390157559691,250.39531176993694,0.061,2,2,8.39
Arabica,Dark,Fine,French Press,93.5658246968507,251.87938692932744,0.07,0,3,5.69
Robusta,Dark,Fine,Cold Brew,94.54220429772991,246.99332047965885,0.067,4,0,3.62
Arabica,Medium,Medium,Cold Brew,88.00977780345565,238.9884949771549,0.061,2,0,6.97
Blend,Medium,Coarse,Cold Brew,86.34041586264308,330.93380632069926,0.06,5,5,3.91
Arabica,Medium,Coarse,Pour-over,91.96566965759081,256.5341635049458,0.07,2,1,7.36
Blend,Dark,Coarse,Cold Brew,87.9694287077977,274.0048232849543,0.059,2,3,4.73
Robusta,Dark,Fine,Espresso,92.12594019341007,234.50912731608736,0.058,3,5,4.91
Arabica,Medium,Fine,Espresso,94.22102245384322,221.90151070621323,0.062,0,2,7.72
Blend,Light,Fine,Pour-over,92.64228123239062,190.17044885152046,0.07,1,2,5.17
Arabica,Light,Medium,Espresso,92.46117531783658,242.32834873784,0.069,0,0,5.75
Arabica,Dark,Fine,Pour-over,93.25591840751781,210.87283002546667,0.064,1,1,6.37
Arabica,Dark,Medium,French Press,92.77162247294032,240.95727257863348,0.064,4,3,7.24
Arabica,Dark,Coarse,Espresso,95.99264398391625,279.5281044201645,0.068,3,2,5.9
Blend,Light,Coarse,Espresso,87.49769482037848,246.60091192437355,0.056,0,1,4.61
Robusta,Medium,Coarse,Pour-over,86.63451048505851,254.29218167746535,0.065,5,0,4.17
Arabica,Light,Fine,Cold Brew,90.9955482578158,302.41520564531515,0.059,4,3,5.86
Robusta,Light,Fine,French Press,90.8257945637545,257.520903896867,0.062,2,3,4.54
Robusta,Light,Medium,Espresso,86.02820135126791,205.698044573556,0.058,5,0,5.0
Arabica,Light,Medium,Cold Brew,90.8946500327399,246.28807420388313,0.07,1,5,5.55
Robusta,Medium,Coarse,Cold Brew,93.7336914052965,325.3856499202963,0.062,4,2,4.8
Arabica,Dark,Fine,Pour-over,89.80777579031104,188.8032106694748,0.068,0,4,4.93
Blend,Medium,Coarse,French Press,97.61601704141691,239.22231436401808,0.063,0,5,4.47
Arabica,Medium,Medium,French Press,86.01511528532706,187.9922863362624,0.065,4,3,6.64
Blend,Light,Medium,Cold Brew,90.60300568623636,242.34035609227377,0.069,4,4,6.61
Robusta,Light,Fine,Pour-over,91.39262742250534,242.4358642846864,0.065,2,3,4.52
Robusta,Dark,Medium,Espresso,95.84162228503239,215.39465288914678,0.064,4,3,6.39
Robusta,Light,Coarse,Cold Brew,93.3179814203103,235.66008445745948,0.07,3,4,4.12
Robusta,Light,Coarse,Cold Brew,92.62279478385716,275.3996186874666,0.056,1,2,3.87
Blend,Medium,Coarse,Cold Brew,90.13328850528116,225.7804543633456,0.067,4,2,6.07
Robusta,Medium,Medium,Pour-over,93.74394240210717,214.81196570939548,0.058,0,2,6.02
Robusta,Light,Fine,Pour-over,91.93729521810755,244.69309533235128,0.061,5,4,5.31
Arabica,Medium,Medium,Espresso,88.66650856176771,205.49539513737807,0.062,0,5,6.71
Robusta,Light,Fine,Cold Brew,85.0,236.93871754593815,0.06,2,0,4.14
Robusta,Dark,Medium,Cold Brew,94.95207063368927,244.142723377694,0.063,1,4,4.47
Robusta,Light,Medium,Cold Brew,92.60572232540838,207.81053259698015,0.064,4,3,5.89
Arabica,Dark,Fine,Pour-over,93.21374868535257,243.60290347926644,0.069,5,4,5.97
Arabica,Medium,Fine,Espresso,90.48367317862441,185.7285806232575,0.07,1,4,5.47
Robusta,Medium,Medium,Cold Brew,92.23702704273217,282.42769852721204,0.07,0,0,4.28
Blend,Medium,Fine,Espresso,86.77014425836472,282.7791180816348,0.067,2,4,6.67
Blend,Dark,Coarse,Espresso,89.36159647925973,208.3312008537768,0.062,4,4,4.59
Robusta,Medium,Medium,Espresso,96.33124162905729,163.4037052156191,0.067,4,0,5.56
Blend,Light,Coarse,Cold Brew,95.40002607520722,218.41018562701623,0.063,0,0,3.63
Arabica,Dark,Coarse,Espresso,92.67227744543125,240.5036960312718,0.057,2,2,6.72
Blend,Light,Fine,French Press,93.49399487373636,298.0457443118017,0.063,4,5,5.55
Arabica,Light,Medium,French Press,94.61696191016203,247.33368022953408,0.056,3,1,8.12
Robusta,Dark,Coarse,Pour-over,89.57510514393455,206.41112631276894,0.063,1,3,3.87
Arabica,Light,Medium,Cold Brew,89.72260201533891,246.01575145904832,0.071,2,5,6.51
Robusta,Light,Fine,Pour-over,87.52219590675293,214.14802002797003,0.057,5,1,4.39
Robusta,Medium,Medium,Pour-over,97.05405489381687,170.78738758303288,0.07,1,5,4.19
Robusta,Medium,Fine,Pour-over,91.15333643303836,251.81910097692733,0.062,5,2,5.42
Robusta,Dark,Fine,Espresso,92.82690547366222,251.14892139882645,0.063,2,0,5.33
Arabica,Medium,Medium,French Press,97.73458881952828,252.78150315474858,0.065,4,4,7.01
Robusta,Light,Coarse,Cold Brew,90.06717445949616,294.23881541232765,0.059,0,5,2.31
Blend,Medium,Medium,French Press,89.19126491516613,253.326931793593,0.068,1,3,5.97
Blend,Medium,Fine,Espresso,85.0,229.26947752201949,0.069,1,3,5.79
Arabica,Light,Coarse,Pour-over,98.0,295.8717431508097,0.066,2,2,5.92
Blend,Dark,Fine,Cold Brew,92.70039738944072,272.1060902242972,0.071,1,1,5.05
Blend,Light,Medium,French Press,98.0,250.04779888878696,0.064,0,3,5.25
Blend,Medium,Fine,Pour-over,92.66022298641086,164.64466043064425,0.067,4,3,6.61
Arabica,Light,Coarse,Espresso,91.56785210517644,245.12164274233842,0.061,5,2,6.56
Arabica,Light,Coarse,Espresso,86.54209865141021,276.5842206237634,0.064,2,5,5.18
Arabica,Dark,Fine,Pour-over,93.68309920241319,209.90213198692524,0.069,2,4,6.78
Arabica,Light,Coarse,French Press,92.22814411968916,254.1183990215561,0.059,4,4,5.31
Blend,Light,Fine,Espresso,88.095190022774,242.03370276544624,0.064,3,1,6.42
Arabica,Medium,Coarse,Pour-over,88.34453107614024,193.58699898922777,0.057,0,5,5.55
Robusta,Dark,Medium,Pour-over,90.13890883239334,210.54351310969415,0.059,5,5,4.38
Blend,Light,Medium,French Press,87.45442681340434,294.67497069778096,0.063,4,1,5.94
Arabica,Dark,Medium,Cold Brew,92.9337504636306,363.15523233820954,0.057,1,5,4.75
Robusta,Light,Medium,Pour-over,87.18066103922729,248.13854543468892,0.06,4,3,5.08
Arabica,Light,Coarse,French Press,88.75535598915681,307.48566540290255,0.068,4,1,5.88
Robusta,Light,Fine,Cold Brew,92.23210492294285,205.54863194686945,0.065,0,3,3.9
Blend,Medium,Fine,Pour-over,89.9947940950902,295.82927743714254,0.065,2,4,5.21
Arabica,Medium,Medium,Espresso,93.4897344768944,232.22994447063863,0.056,4,5,6.97
Arabica,Dark,Fine,Cold Brew,85.16614874656833,271.8993681791326,0.056,5,0,4.84
Arabica,Medium,Coarse,Cold Brew,97.38549366991688,237.0196941387531,0.069,1,2,5.39
Robusta,Light,Medium,Pour-over,93.63008057713981,213.49504964216612,0.061,2,3,5.81
Robusta,Dark,Fine,Pour-over,87.1173726863505,241.92339786645528,0.057,1,5,4.23
Blend,Dark,Fine,Cold Brew,87.01543981319313,237.35680805410735,0.064,0,5,3.49
Blend,Medium,Coarse,Espresso,89.41875990414815,224.61777823080698,0.057,3,1,7.0
Blend,Dark,Coarse,Cold Brew,90.26932439143056,273.4276844826057,0.068,2,5,3.39
Arabica,Dark,Medium,French Press,86.68927043497432,198.69483723862822,0.07,5,3,5.58
Blend,Dark,Fine,French Press,92.26818175743695,259.52176317515,0.069,2,0,5.93
Robusta,Medium,Medium,Espresso,94.28854187239436,265.5186679608386,0.069,4,4,5.98
Robusta,Dark,Fine,French Press,88.12662683315388,229.03822571075884,0.065,1,5,4.13
Robusta,Dark,Coarse,Espresso,92.75057147674293,272.22941198104473,0.064,0,0,3.28
Blend,Light,Fine,Espresso,87.15976803334762,210.1156844423895,0.059,2,5,5.36
Arabica,Dark,Coarse,Cold Brew,92.49558314036173,262.75746697878566,0.061,3,4,6.53
Arabica,Medium,Medium,Pour-over,91.90300924722466,273.1261396156042,0.068,0,5,6.54
Arabica,Medium,Medium,Pour-over,93.97611537712926,203.63369531659504,0.063,1,0,6.91
Arabica,Light,Medium,French Press,89.15797586017362,208.82295216489868,0.065,4,4,5.17
Arabica,Light,Coarse,Cold Brew,85.0,224.57847040128354,0.068,2,2,5.98
Blend,Light,Medium,Cold Brew,97.6303874376742,209.04843203585708,0.058,1,5,3.91
Robusta,Dark,Medium,French Press,90.77916729838375,181.9118382611641,0.06,2,3,4.45
Arabica,Light,Fine,Pour-over,90.68040713715375,265.73415724216284,0.057,3,4,7.33
Blend,Dark,Fine,Espresso,92.65058311094882,257.68466661253893,0.058,3,1,5.97
Arabica,Dark,Medium,Cold Brew,90.51383227120625,256.7535765547395,0.061,5,2,6.04
Arabica,Light,Coarse,Pour-over,86.92260611085554,301.18201277842456,0.056,0,1,4.45
Blend,Light,Medium,Cold Brew,87.0354299844027,272.92682335847655,0.061,1,2,5.53
Robusta,Light,Medium,Cold Brew,90.99264590212961,306.7608610115757,0.059,3,2,4.93
Robusta,Medium,Fine,Espresso,91.181829290757,132.12453428233715,0.07,0,4,3.93
Arabica,Dark,Coarse,Pour-over,97.54686828483604,285.0626011819103,0.056,4,0,5.06
Robusta,Medium,Fine,Espresso,88.680422273775,342.9343921299944,0.057,2,2,5.21
Blend,Dark,Fine,Espresso,90.29851049619381,285.1555497218763,0.063,0,4,5.43
Blend,Medium,Fine,Pour-over,90.81625304529021,173.97057122205754,0.067,1,1,6.06
Robusta,Medium,Medium,Pour-over,87.39596455405173,351.84130833341106,0.063,2,3,5.12
Robusta,Dark,Coarse,Cold Brew,91.23553619488291,234.00488132950153,0.06,5,1,4.19
Arabica,Dark,Coarse,Espresso,90.91432708630099,237.2164070834796,0.058,1,4,6.35
Arabica,Medium,Coarse,Espresso,85.47702930774005,209.17911156663587,0.064,5,0,5.83
Robusta,Medium,Medium,French Press,90.42643920116068,259.5749824491167,0.066,1,2,6.11
Blend,Medium,Fine,Cold Brew,89.1787586762963,249.38608020620345,0.062,4,5,5.72
Robusta,Dark,Fine,Pour-over,90.02830004564751,202.50577271106715,0.07,1,0,4.06
Blend,Light,Medium,Espresso,88.24665927084409,276.961080768276,0.069,3,2,6.48
Blend,Dark,Fine,Cold Brew,89.88696892837172,183.66154814545763,0.065,3,3,4.52
Blend,Dark,Fine,Pour-over,97.2643825459531,156.72282368465113,0.06,3,1,6.18
Blend,Dark,Fine,French Press,90.36524273957315,255.96544457408282,0.069,2,5,4.12
Blend,Light,Medium,Espresso,91.63566008154699,331.13914912753626,0.067,1,4,3.7
Robusta,Medium,Coarse,Espresso,87.92495684214154,221.22244346361816,0.066,5,3,5.63
Blend,Dark,Coarse,French Press,95.4542761233942,244.8258890397918,0.068,0,5,4.61
Arabica,Dark,Coarse,French Press,91.55391072766334,212.83032333146244,0.063,3,4,6.74
Blend,Light,Medium,Cold Brew,96.71148390578341,199.84968433746516,0.07,1,4,4.89
Blend,Light,Fine,Pour-over,93.15084186145032,145.2111436206221,0.056,3,5,4.75
Arabica,Medium,Coarse,French Press,92.59567508868888,182.62540131364617,0.062,2,3,6.77
Blend,Medium,Coarse,Pour-over,89.072380241068,282.1456718643136,0.065,1,5,4.93
Blend,Light,Medium,Espresso,88.64265521591987,251.9104100367359,0.058,3,2,6.08
Arabica,Dark,Coarse,Pour-over,93.12375532835293,198.04686663673294,0.063,0,0,4.63
Robusta,Dark,Coarse,Pour-over,86.65832995036855,270.7193307877828,0.063,2,2,5.45
Blend,Dark,Coarse,Pour-over,91.07664314996056,213.64406312095187,0.068,0,4,4.6
Arabica,Medium,Fine,Pour-over,95.03042438128585,205.25571242937582,0.071,2,4,6.55
Robusta,Dark,Fine,Espresso,94.41440953620142,277.21013383814164,0.066,0,1,3.62
Arabica,Dark,Fine,Pour-over,91.82628527798664,272.7393893855416,0.056,4,0,5.96
Robusta,Dark,Coarse,Cold Brew,91.42166063828418,233.83853136133072,0.062,4,1,5.01
Blend,Medium,Medium,Pour-over,85.0,293.91423125316146,0.061,3,3,7.13
Robusta,Light,Medium,Pour-over,95.05666098566745,237.99523297298998,0.064,1,3,6.07
Arabica,Medium,Medium,Cold Brew,92.95344519688742,321.6958569085629,0.067,0,4,5.7
Arabica,Light,Coarse,French Press,87.95160928572344,263.4201384343432,0.056,1,1,5.85
Arabica,Light,Coarse,French Press,92.14105163937124,288.9268380236583,0.062,4,3,5.7
Robusta,Medium,Fine,Espresso,94.759482530443,252.55447853880537,0.071,1,5,4.02
Arabica,Dark,Coarse,Pour-over,86.72420300001755,205.09477490515957,0.057,5,5,5.06
Robusta,Medium,Coarse,Cold Brew,93.36369044689897,269.7615308259665,0.065,0,4,3.94
Robusta,Medium,Fine,Cold Brew,92.70264419760956,302.02001971256306,0.059,1,4,3.79
Blend,Light,Medium,Pour-over,94.95296719542975,231.44044623097963,0.071,2,5,4.93
Arabica,Dark,Coarse,French Press,93.14722923855216,246.65808832852224,0.065,4,5,5.75
Robusta,Dark,Fine,Pour-over,90.08678004724605,218.7601217999273,0.059,0,1,3.95
Robusta,Dark,Fine,Espresso,95.56704959332265,296.8201699195942,0.067,2,2,4.69
Robusta,Medium,Coarse,French Press,89.88436779101066,211.85519748294215,0.064,0,3,4.07
Arabica,Medium,Fine,Espresso,92.49409348231143,225.4985989960255,0.058,0,2,7.5
Arabica,Dark,Coarse,Espresso,93.63049730836802,283.34438615621883,0.064,2,1,5.29
Blend,Light,Fine,Espresso,88.22797909871346,275.36403346236716,0.063,5,4,5.01
Robusta,Dark,Fine,French Press,94.08428309253962,197.56692816663616,0.057,0,1,2.11
Robusta,Medium,Coarse,French Press,89.38933027356947,288.2251231181135,0.061,1,2,5.03
Blend,Dark,Medium,French Press,93.2282402536074,265.51893080603094,0.064,3,0,5.73
Robusta,Dark,Medium,Espresso,91.1940918248381,193.2441493703312,0.07,3,2,5.1
Arabica,Light,Coarse,Espresso,90.05242602528897,259.2224842964299,0.07,1,0,5.5
Robusta,Medium,Coarse,French Press,89.4993230381622,212.41838715678534,0.069,5,4,4.47
Blend,Medium,Coarse,French Press,91.322859057292,240.13659004713642,0.06,5,2,6.2
Arabica,Medium,Medium,French Press,92.26986844438036,270.132170763106,0.064,2,5,6.01
Blend,Dark,Medium,Cold Brew,95.55916223664586,230.54588664302563,0.062,5,4,4.83
Blend,Medium,Fine,Espresso,92.58226997869492,282.94526999439086,0.057,1,5,5.06
Arabica,Dark,Fine,Cold Brew,95.58513988677453,179.072523808649,0.056,1,5,4.16
Blend,Medium,Coarse,Pour-over,93.13163562519357,302.62096116937363,0.066,1,1,5.46
Blend,Light,Coarse,French Press,87.65595829875127,152.04776173519673,0.058,4,4,4.65
Robusta,Light,Coarse,Cold Brew,90.51588989324665,211.062527435727,0.058,2,0,4.23
Arabica,Medium,Medium,Espresso,93.29252073300124,249.73230656513462,0.069,3,5,7.19
Robusta,Dark,Fine,Espresso,96.64762842957892,195.3365678298461,0.067,1,4,3.56
Robusta,Dark,Coarse,French Press,93.06128833697561,228.48191112388776,0.067,1,3,4.41
Robusta,Light,Medium,Cold Brew,91.91322534747539,250.78677429588282,0.068,2,5,4.25
Arabica,Medium,Fine,Pour-over,90.88937173156025,240.93230403543478,0.068,3,4,7.23
Robusta,Medium,Medium,French Press,87.97617598694514,182.95497869322813,0.064,0,3,5.01
Arabica,Dark,Medium,Espresso,92.38431324473237,212.75793370100476,0.06,2,4,6.51
Blend,Light,Medium,Espresso,88.46631007105829,202.51911982400298,0.071,5,2,6.68
Blend,Light,Fine,Pour-over,94.3574004759525,257.0183024713986,0.068,2,5,5.08
Blend,Medium,Coarse,French Press,93.31014190067101,246.51048315695922,0.056,5,5,4.64
Robusta,Dark,Medium,Pour-over,90.17151325454583,194.1403516960173,0.068,1,3,4.46
Arabica,Light,Fine,Pour-over,89.65857798102397,221.15567310789203,0.061,5,1,7.01
Robusta,Dark,Fine,Espresso,94.96664821192705,264.93239226618414,0.059,3,0,5.18
Arabica,Medium,Medium,Cold Brew,94.64088874775975,299.03413121949137,0.06,3,1,7.66
Robusta,Dark,Fine,French Press,95.7955917548711,262.37436834913325,0.065,2,3,5.79
Robusta,Medium,Coarse,Cold Brew,95.51671774027518,235.9670803925917,0.056,3,1,5.86
Blend,Dark,Medium,Pour-over,97.05694490425749,221.58818223224614,0.065,3,4,7.07
Blend,Light,Fine,French Press,90.72788425400151,225.86293025056017,0.067,4,4,4.51
Robusta,Dark,Fine,Pour-over,91.92693622321706,325.6908143444746,0.064,1,2,4.43
Robusta,Light,Coarse,French Press,92.36009398015479,264.54071890921665,0.057,0,3,3.44
Robusta,Medium,Coarse,Pour-over,95.39375837119321,229.0101001930233,0.066,3,3,5.71
Blend,Light,Fine,Espresso,96.74069776205246,278.09173844148836,0.065,1,4,6.88
Blend,Light,Medium,French Press,96.70612703303279,178.2584875265955,0.065,3,5,4.83
Robusta,Medium,Fine,Pour-over,87.91088102434664,213.10042107478864,0.069,0,2,3.91
Robusta,Light,Fine,French Press,90.57109807709352,295.5325080573523,0.065,1,3,4.51
Robusta,Medium,Coarse,French Press,85.0259621825406,211.85210031869576,0.062,5,3,4.52
Robusta,Light,Coarse,French Press,96.83020240608013,174.16893881938728,0.065,3,1,4.56
Blend,Dark,Fine,Cold Brew,89.8591503327777,205.04198618034297,0.069,4,0,3.76
Arabica,Dark,Medium,French Press,90.59689639606432,253.86015526922864,0.071,2,1,5.17
Blend,Light,Medium,Cold Brew,92.7625216767386,229.62998229679098,0.06,2,3,6.58
Robusta,Medium,Coarse,Cold Brew,89.48483752664634,260.82657682136835,0.058,0,2,4.81
Blend,Dark,Fine,Espresso,95.66750274466064,288.58037141221394,0.068,3,5,5.16
Robusta,Medium,Medium,Cold Brew,91.22287356253788,232.14600603660088,0.06,1,0,5.37
Robusta,Dark,Medium,Cold Brew,92.1558376574219,269.3056030886232,0.061,0,2,4.35
Arabica,Light,Fine,Espresso,94.74898302410745,253.8595390359197,0.063,2,1,7.36
Blend,Light,Medium,Pour-over,85.73633289619818,210.69263234969523,0.059,4,5,5.52
Blend,Light,Coarse,Cold Brew,91.42795279770996,248.69731492718893,0.067,1,2,5.19
Arabica,Dark,Coarse,Pour-over,98.0,278.5186211645652,0.065,3,2,6.49
Arabica,Dark,Medium,Cold Brew,92.59269797051715,257.9691373967898,0.066,2,5,6.44
Arabica,Medium,Fine,Espresso,88.56096382094394,252.10541860956133,0.071,5,0,6.15
Blend,Medium,Medium,Espresso,90.99647748092976,248.24763928117306,0.06,2,3,7.7
Arabica,Dark,Coarse,Espresso,94.08270023145795,235.53911769364217,0.07,4,0,6.31
Arabica,Dark,Fine,French Press,94.36970024011362,224.3429793325306,0.062,5,5,4.88
Blend,Medium,Fine,Pour-over,95.49330393797872,293.52460865790727,0.064,2,3,7.06
Arabica,Medium,Medium,Cold Brew,98.0,284.4795085524258,0.064,2,3,6.65
Blend,Medium,Fine,Espresso,91.30280268049859,258.04381186331915,0.068,0,2,5.84
Blend,Dark,Coarse,Pour-over,93.86719061156987,242.33605888410673,0.069,3,4,5.45
Robusta,Light,Fine,French Press,88.4558180501036,234.00048434401097,0.062,5,5,3.47
Robusta,Dark,Medium,French Press,91.2419429359971,255.6833811880348,0.07,3,4,4.08
Robusta,Dark,Coarse,French Press,91.71426476532396,255.61609375665068,0.064,5,2,3.95
Blend,Medium,Coarse,Espresso,92.17338675675566,270.786310053825,0.065,1,3,5.67
Arabica,Medium,Coarse,Pour-over,96.67603973026695,197.65442602411673,0.069,4,0,6.1
Arabica,Light,Coarse,Pour-over,87.22101879940499,257.61898951841596,0.071,3,5,5.72
Robusta,Medium,Coarse,French Press,96.09242128992153,245.0089801059163,0.071,5,5,3.86
Arabica,Medium,Coarse,French Press,98.0,256.5222613514473,0.068,1,1,6.48
Arabica,Dark,Coarse,French Press,91.23875995751725,252.6696823521775,0.06,3,1,7.02
Robusta,Dark,Medium,Espresso,94.07809797798264,258.3017054479232,0.066,0,1,4.5
Blend,Light,Medium,Cold Brew,93.29657795439621,194.31493826815307,0.059,3,1,5.73
Arabica,Medium,Fine,Cold Brew,98.0,164.31263004705332,0.058,4,2,6.75
Blend,Dark,Coarse,Pour-over,98.0,217.70032859968666,0.065,5,0,3.92
Blend,Medium,Fine,Pour-over,89.5889762960908,305.5646722177627,0.062,0,0,5.44
Robusta,Medium,Fine,French Press,95.61220405665465,267.25184697681885,0.068,3,4,5.19
Robusta,Light,Medium,Cold Brew,88.69766215148995,211.5480550095785,0.061,3,4,4.45
Blend,Dark,Fine,Pour-over,92.1003763129769,215.12726797974435,0.064,5,1,5.88
Robusta,Light,Fine,French Press,88.71414964371051,269.31900717045926,0.063,5,5,4.0
Arabica,Dark,Coarse,Cold Brew,90.41401398998852,161.9552610060457,0.065,1,3,4.35
Robusta,Medium,Medium,Cold Brew,92.33147161609841,255.11845839747497,0.068,1,5,5.16
Blend,Light,Fine,French Press,91.09971811628785,239.19924402622286,0.062,3,2,6.96
Blend,Light,Coarse,Cold Brew,92.21899026792008,271.2031271886633,0.069,4,3,4.55
Robusta,Dark,Fine,Pour-over,92.6760282610672,218.90122705544576,0.069,5,3,4.73
Blend,Medium,Coarse,Cold Brew,88.78821698529319,204.41015592853725,0.061,4,1,5.5
Blend,Dark,Medium,Cold Brew,94.12426736557003,206.07605202643072,0.063,3,1,4.98
Arabica,Dark,Fine,French Press,94.50897116898665,241.25067508994698,0.063,5,3,6.09
Blend,Dark,Fine,French Press,93.39191684877038,222.45651174970817,0.069,5,5,5.16
Arabica,Medium,Fine,Pour-over,93.70532301876847,263.98376453125974,0.06,0,4,6.76
Blend,Light,Fine,French Press,92.36067690030264,211.1127476829211,0.061,5,0,6.62
Blend,Dark,Coarse,Espresso,96.17062264705194,262.3124122540745,0.058,2,2,5.16
Arabica,Medium,Coarse,Pour-over,91.084325886936,215.61951191362868,0.056,0,3,5.94
Blend,Medium,Coarse,Espresso,92.72560010454062,201.21904441920083,0.07,3,1,6.69
Blend,Dark,Coarse,Cold Brew,90.62312934252628,173.74268539315398,0.062,4,2,5.42
Blend,Light,Medium,Espresso,90.31219915503893,215.93665274342894,0.063,1,4,5.15
Robusta,Light,Coarse,Pour-over,94.64631434672263,190.76897816935676,0.057,3,5,4.02
Robusta,Dark,Medium,Pour-over,89.69069336635737,217.5817960688024,0.067,0,3,3.75
Arabica,Medium,Coarse,French Press,93.87822927652346,210.68985481240017,0.058,3,3,6.49
Robusta,Medium,Medium,Pour-over,93.41180780232513,269.2045342603894,0.068,5,4,5.4
Arabica,Light,Fine,French Press,85.4785362312959,187.32177703612567,0.062,4,5,5.43
Robusta,Medium,Coarse,Cold Brew,90.29842274356197,224.4232849002785,0.062,5,4,4.11
Blend,Light,Coarse,Espresso,93.17541201620764,180.84353724903485,0.056,1,4,4.87
Blend,Light,Medium,Pour-over,91.95407045248102,263.1716599840435,0.057,3,2,7.34
Robusta,Light,Fine,Pour-over,91.5244112809191,238.90781841960273,0.058,3,3,5.22
Blend,Light,Coarse,Cold Brew,95.27465427294199,261.32056316604553,0.065,4,5,4.8
Arabica,Dark,Fine,Espresso,91.6500283705032,258.6018184406073,0.068,4,0,6.35
Robusta,Dark,Fine,French Press,91.73497202297271,276.8539841194598,0.066,1,2,3.84
Arabica,Light,Coarse,French Press,91.17281824259803,235.0484164875632,0.07,4,3,6.57
Blend,Light,Fine,French Press,98.0,245.4614132433095,0.056,0,2,5.92
Robusta,Medium,Medium,French Press,93.72610888157712,142.6439097380786,0.063,3,2,5.86
Robusta,Light,Medium,Cold Brew,90.16733032529423,287.78127498025776,0.062,4,5,3.76
Robusta,Medium,Fine,Cold Brew,91.56580804614283,277.9403281486668,0.068,0,0,4.09
Robusta,Medium,Fine,Pour-over,88.24223296290351,219.90150052357532,0.057,5,3,5.51
Robusta,Dark,Fine,Cold Brew,95.673881261679,216.66568111090606,0.071,4,3,4.13
Arabica,Medium,Medium,Cold Brew,96.36685607024334,311.97086300076,0.067,3,1,6.4
Blend,Light,Fine,Pour-over,89.48237099798298,198.20763223915867,0.063,0,1,4.3
Robusta,Light,Medium,Pour-over,91.33623912924268,228.92746800444317,0.07,4,2,5.02
Arabica,Light,Medium,French Press,95.40645504908831,226.00087491382334,0.064,4,4,6.84
Arabica,Light,Coarse,Espresso,93.11748712937,303.96489340597503,0.058,2,5,5.12
Blend,Medium,Fine,Cold Brew,94.72802005431613,309.1956461807934,0.057,4,3,5.6
Arabica,Light,Medium,Pour-over,90.41414995475073,263.4545607502037,0.064,3,4,7.7
Arabica,Medium,Fine,Espresso,90.51290977193017,266.40042372468474,0.057,4,5,7.35
Blend,Light,Coarse,French Press,92.98595648111963,276.00914635660945,0.068,1,1,4.86
Blend,Light,Coarse,Cold Brew,89.4484386373721,216.7790620078111,0.064,5,2,5.41
Blend,Dark,Medium,Pour-over,90.45607535234556,195.591064539616,0.068,3,3,5.13
Robusta,Light,Fine,Espresso,88.68107545631497,221.83241766753937,0.069,4,1,4.77
Robusta,Dark,Coarse,French Press,89.54844360017302,156.2351748934489,0.067,5,2,3.76
Arabica,Dark,Medium,Espresso,89.37492377703127,223.35223989079438,0.062,3,4,6.34
Blend,Dark,Medium,Cold Brew,90.30725720402783,247.38205212788148,0.065,3,3,5.86
Robusta,Medium,Medium,Pour-over,90.00043855617946,304.24477967325174,0.056,2,0,5.76
Blend,Light,Coarse,Pour-over,89.02297148037545,255.43537532337302,0.067,3,5,5.26
Robusta,Dark,Fine,Espresso,95.91967238529304,203.8194124404227,0.067,0,1,4.12
Arabica,Medium,Coarse,Espresso,90.25208937710164,233.15003298251656,0.068,2,0,6.81
Robusta,Medium,Fine,French Press,93.73027419857921,314.4722313467853,0.068,2,5,3.81
Blend,Medium,Fine,French Press,92.91134092847152,184.93233837447673,0.071,2,4,5.88
Arabica,Light,Coarse,French Press,97.02664218063346,307.19166740335834,0.07,2,4,5.42
Robusta,Light,Medium,Espresso,90.24976293239561,187.96392973943497,0.063,3,0,5.76
Arabica,Medium,Fine,Pour-over,91.6914934393268,276.3686466581251,0.056,1,2,7.66
Arabica,Dark,Coarse,Cold Brew,96.9837776436436,221.71614973654914,0.068,5,5,3.94
Blend,Light,Coarse,French Press,92.9053756994584,270.6432111353876,0.071,5,3,5.48
Blend,Medium,Medium,Cold Brew,89.13781475676103,201.85581547921208,0.068,1,5,5.53
Robusta,Light,Medium,French Press,91.28210966960174,211.2870645579311,0.069,2,3,4.76
Arabica,Medium,Fine,French Press,95.15917229904613,321.3322119441386,0.061,1,0,5.82
Arabica,Medium,Coarse,Pour-over,92.33286828820412,271.4787826221998,0.064,4,1,6.43
Robusta,Dark,Medium,Espresso,93.46207940957115,262.21517390532875,0.065,4,1,5.01
Arabica,Light,Medium,Cold Brew,93.83242950126433,189.2124005170757,0.071,3,0,5.39
Robusta,Medium,Medium,Espresso,90.17796320370364,305.17293346472104,0.057,5,0,4.42
Robusta,Medium,Fine,Cold Brew,92.18503954954392,257.15266001322294,0.057,5,0,4.96
Blend,Light,Coarse,Cold Brew,89.51722933805384,243.445755321855,0.063,0,1,4.98
Blend,Medium,Coarse,Pour-over,94.71180452325859,145.48270257832647,0.066,5,3,4.59
Arabica,Light,Medium,Cold Brew,92.06238112302623,210.87988235083463,0.068,1,2,5.96
Arabica,Dark,Fine,Pour-over,89.60242398004924,220.6902591127187,0.068,5,4,5.19
Arabica,Light,Medium,Cold Brew,89.07789133064637,258.3798922428277,0.06,4,0,6.89
Blend,Medium,Coarse,Espresso,93.13960355212724,313.1437445225999,0.057,2,3,6.8
Blend,Dark,Fine,Cold Brew,91.45856025922812,367.72430271379443,0.057,3,0,3.66
Robusta,Dark,Medium,Espresso,91.38415917741506,185.70388160855157,0.059,3,3,5.17
Robusta,Medium,Coarse,Pour-over,89.56636035843336,277.37238983684927,0.061,0,5,3.37
Arabica,Dark,Medium,Espresso,92.35316365214273,279.3029385451111,0.061,2,4,6.83
Arabica,Medium,Coarse,Cold Brew,91.20335948594473,259.33701952458415,0.071,0,3,5.22
Blend,Light,Fine,Pour-over,90.45284879020099,251.91928945509807,0.058,3,5,6.11
Arabica,Dark,Fine,Espresso,89.7925882548715,248.14688339572393,0.07,3,2,7.34
Arabica,Light,Coarse,Espresso,92.01743167562735,250.60224179361248,0.066,4,1,6.65
Blend,Light,Coarse,Pour-over,88.43296615285989,229.78992231590988,0.056,0,2,6.04
Arabica,Medium,Fine,Cold Brew,92.6718658342692,207.78512691798625,0.069,3,5,6.53
Robusta,Medium,Medium,French Press,97.42362847639757,254.03140703019238,0.061,2,1,5.68
Blend,Dark,Medium,Cold Brew,95.91790975198157,236.3532352177525,0.069,3,5,3.97
Arabica,Light,Medium,Cold Brew,93.63745152368604,206.40476413957057,0.069,5,0,5.32
Robusta,Dark,Fine,Pour-over,90.76787402269275,213.4914491254828,0.067,0,5,2.58
Arabica,Light,Fine,Cold Brew,94.38710942509923,264.74655749922596,0.069,2,2,6.2
Arabica,Light,Coarse,Pour-over,89.97361566543266,258.7823667741171,0.071,2,3,5.53
Arabica,Dark,Coarse,Espresso,90.99206147128116,257.3091439652074,0.061,4,2,6.4
Blend,Light,Coarse,Pour-over,96.33198999672364,253.70449592855562,0.059,0,2,5.43
Robusta,Dark,Medium,Cold Brew,94.57777167499952,253.84710983330967,0.056,2,2,4.08
Blend,Medium,Fine,Cold Brew,87.71590750069771,217.10811788863737,0.058,2,5,4.52
Arabica,Dark,Medium,French Press,91.70683084078725,296.4683750372582,0.056,5,1,5.92
Blend,Medium,Medium,Cold Brew,94.65425316428994,280.12852798956095,0.066,0,3,6.47
Arabica,Medium,Fine,Espresso,89.67055457582107,323.6513960969834,0.059,4,4,6.36
Robusta,Dark,Medium,French Press,91.34413786652381,243.43361586906013,0.06,5,2,4.87
Arabica,Light,Coarse,Espresso,93.96683119475867,301.1089447809506,0.057,3,1,6.84
Blend,Light,Coarse,Cold Brew,97.13184011774578,235.82203125850114,0.068,5,3,4.69
Robusta,Dark,Fine,Espresso,92.21015648933954,286.4751321043276,0.057,3,4,4.36
Blend,Medium,Fine,Pour-over,92.71510694820435,279.0079051912972,0.07,0,4,5.57
Robusta,Medium,Coarse,French Press,90.44626204983862,249.6419390843266,0.07,5,0,3.91
Arabica,Dark,Fine,Cold Brew,90.59425120426995,297.2868057409853,0.066,3,3,5.7
Blend,Dark,Coarse,French Press,94.18195954106214,213.03118374752546,0.071,3,1,5.04
Arabica,Dark,Coarse,Espresso,86.75006637734361,276.2743078050294,0.056,4,3,5.59
Arabica,Light,Fine,Espresso,94.419692530043,248.24198071518052,0.059,1,0,5.76
Blend,Light,Coarse,Cold Brew,85.0,217.49546068685376,0.063,3,0,6.09
Robusta,Medium,Coarse,Espresso,91.38519488656027,240.27473019756147,0.056,5,2,5.35
Arabica,Dark,Coarse,Espresso,94.32633641228928,144.62573298574847,0.059,1,2,4.78
Arabica,Dark,Medium,Pour-over,90.25766663448809,274.1485218273131,0.069,4,2,6.69
Blend,Medium,Medium,Cold Brew,94.97738249448358,237.4371879948601,0.07,4,0,5.61
Robusta,Medium,Coarse,Cold Brew,96.44170416662567,211.62598848255732,0.07,4,4,4.59
Arabica,Medium,Coarse,Pour-over,88.50367198933994,282.07801623313065,0.071,4,0,5.44
Robusta,Medium,Coarse,Cold Brew,90.55081684494968,245.87172047942198,0.06,0,3,4.04
Blend,Medium,Coarse,Espresso,93.02844548720788,206.7082446752731,0.061,2,3,5.29
Robusta,Dark,Medium,French Press,94.75924284298397,244.5567851240308,0.062,2,0,5.03
Arabica,Dark,Medium,Espresso,93.32582194870822,196.38403690228614,0.065,1,5,6.53
Arabica,Dark,Coarse,Espresso,94.12464326976968,249.32864525054006,0.065,3,2,6.72
Arabica,Dark,Coarse,Pour-over,93.08451057561831,194.25095170717353,0.056,5,3,5.47
Blend,Light,Fine,Pour-over,91.61438746568321,164.72603818009443,0.065,1,4,5.03
Arabica,Medium,Medium,Pour-over,88.91697457722212,290.62831363458804,0.066,3,4,6.58
Blend,Medium,Coarse,Espresso,90.06131807046859,311.0124357043805,0.066,0,4,5.0
Blend,Light,Medium,Espresso,95.15358203295813,217.52457345810285,0.063,3,0,5.88
Robusta,Light,Coarse,Pour-over,86.54207621400583,212.27252691054323,0.065,1,2,5.37
Arabica,Light,Medium,Cold Brew,94.33870018172115,200.5285581704182,0.058,4,3,6.95
Blend,Light,Fine,French Press,91.53660344339607,257.222906883762,0.064,1,3,5.9
Robusta,Medium,Coarse,Cold Brew,95.97902659396166,288.88493209492214,0.065,5,0,3.99
Blend,Dark,Fine,Espresso,92.08385436573337,256.72748313870994,0.058,1,2,5.08
Blend,Medium,Fine,French Press,87.64708021267674,206.47214743961925,0.063,1,4,5.35
Arabica,Medium,Coarse,French Press,90.75887249697614,282.8358092535846,0.062,2,5,6.52
Robusta,Medium,Coarse,Espresso,93.10892657659429,235.70791423983084,0.062,5,3,5.85
Arabica,Dark,Medium,Espresso,91.94508954793554,255.88978436965812,0.064,4,5,6.74
Blend,Medium,Medium,Cold Brew,90.52768361053135,282.4893732139841,0.067,1,0,5.09
Blend,Medium,Fine,Pour-over,98.0,243.41414475551235,0.059,2,3,7.02
Robusta,Light,Fine,Cold Brew,86.52582785929778,233.12548054146833,0.065,2,3,4.13
Blend,Medium,Coarse,Cold Brew,92.87558528600005,275.9785988459298,0.065,1,2,5.39
Arabica,Medium,Coarse,French Press,88.17250374029018,238.79422921916594,0.064,2,2,6.79
Arabica,Medium,Fine,Espresso,92.76121898448372,258.7077268706173,0.064,3,5,7.48
Arabica,Light,Coarse,French Press,90.82505429773462,250.76507764980428,0.06,5,1,5.79
Blend,Dark,Fine,Espresso,93.13130118170656,238.82948745260086,0.063,5,1,7.68
Blend,Dark,Coarse,Cold Brew,88.2666248004865,167.40507822503102,0.065,0,2,4.88
Blend,Dark,Medium,Cold Brew,95.16817042719815,248.9295565651664,0.071,1,3,5.24
Blend,Light,Medium,French Press,93.93564675785017,262.22417864013795,0.059,0,3,5.5
Robusta,Dark,Medium,Cold Brew,88.9303167015701,208.22295786125278,0.061,2,2,5.17
Robusta,Medium,Coarse,Pour-over,89.41294288080967,329.5897215971146,0.066,3,1,5.08
Blend,Light,Medium,Cold Brew,95.64280895137783,205.2800000184581,0.064,5,2,5.38
Blend,Dark,Coarse,Pour-over,94.56985131387704,260.6017069310475,0.058,4,3,5.65
Arabica,Light,Coarse,Pour-over,95.56674011442392,268.33215388804257,0.069,1,0,4.98
Arabica,Light,Fine,Espresso,94.92515328591041,258.8128924211316,0.066,4,4,5.71
Robusta,Medium,Coarse,French Press,89.8522494477244,253.44640185104163,0.069,3,5,3.88
Blend,Light,Medium,Espresso,89.71182566430136,209.23430600850807,0.068,5,5,4.78
Arabica,Dark,Medium,Pour-over,95.45088807890419,251.19370643990433,0.064,5,4,6.93
Blend,Medium,Fine,French Press,90.56426766613559,263.92230785811637,0.069,1,1,5.39
Arabica,Dark,Coarse,Pour-over,92.65769500326492,291.57079450862545,0.066,1,5,4.11
Arabica,Light,Coarse,French Press,91.3484199498171,196.61864826831794,0.064,3,4,5.5
Robusta,Medium,Coarse,Cold Brew,92.67890280446561,257.09823699980467,0.062,5,1,4.96
Robusta,Light,Fine,Pour-over,89.15752359507867,214.95239871113733,0.06,5,0,4.54
Robusta,Dark,Coarse,Pour-over,89.42465017887594,285.02351084161376,0.057,0,2,4.16
Arabica,Light,Medium,French Press,90.53540900830326,281.096861413551,0.07,4,2,6.26
Arabica,Dark,Medium,Espresso,91.32121738647875,270.24213288314587,0.071,4,0,6.16
Arabica,Dark,Coarse,Cold Brew,97.9450754192001,302.75114416411395,0.067,1,4,3.64
Robusta,Dark,Fine,Cold Brew,94.89619245377351,289.4452288722487,0.071,3,2,4.53
Arabica,Light,Medium,Cold Brew,92.59194712221678,215.293924182626,0.068,3,4,6.2
Robusta,Dark,Medium,Pour-over,91.581661172957,221.99242940594354,0.071,3,0,4.43
Blend,Light,Fine,French Press,91.81537017835986,290.82798340368765,0.056,0,4,4.82
Robusta,Medium,Coarse,Pour-over,95.70536546584559,227.1963207622244,0.069,0,0,4.51
Arabica,Dark,Medium,French Press,93.88878240918193,285.9769374400509,0.068,4,1,6.41
Arabica,Medium,Medium,French Press,94.01865864895235,233.42334238154476,0.058,2,3,7.19
Robusta,Dark,Medium,Cold Brew,97.89408514390672,207.67225659798314,0.056,4,0,3.98
Arabica,Light,Coarse,Pour-over,93.54320280971132,263.5888837096553,0.064,4,1,6.35
Arabica,Light,Medium,Pour-over,89.01695187617446,137.50665364818758,0.064,5,3,5.71
Robusta,Light,Medium,Pour-over,91.94221886079681,229.4843668316693,0.071,3,1,5.03
Blend,Medium,Coarse,Pour-over,95.34296508400662,268.6152526176498,0.064,1,3,6.18
Blend,Medium,Medium,Cold Brew,94.01858370790046,263.67256534965514,0.057,5,4,6.16
Arabica,Light,Fine,Pour-over,89.52992238626473,265.1486344320122,0.065,2,4,5.74
Arabica,Dark,Medium,Cold Brew,92.49428252370954,242.0355080742407,0.069,0,2,6.11
Robusta,Medium,Fine,French Press,95.45971573563573,202.62593565685955,0.058,2,4,4.65
Blend,Medium,Fine,Espresso,89.77059720569605,208.11988785671272,0.063,3,3,7.01
Arabica,Medium,Fine,Pour-over,92.69210271715605,189.5934093930968,0.059,1,0,6.1
Arabica,Light,Fine,Pour-over,95.84493138501131,262.307642429005,0.065,2,4,6.66
Arabica,Light,Fine,French Press,95.4204471155638,303.22162746273494,0.06,0,3,5.01
Robusta,Dark,Fine,Pour-over,95.72955031164308,204.04747247860394,0.064,0,5,3.08
Robusta,Medium,Medium,Espresso,91.5325355770127,241.514476600358,0.059,4,1,6.63
Arabica,Medium,Medium,Pour-over,90.41018669161254,248.98503141556077,0.06,5,5,7.75
Arabica,Medium,Fine,Pour-over,86.31658079348911,217.45199299768396,0.058,4,3,6.87
Arabica,Dark,Coarse,Espresso,92.90485774386079,267.51867808464135,0.058,2,4,4.71
Robusta,Dark,Coarse,French Press,93.79474812388985,209.53247175065607,0.066,3,2,5.04
Robusta,Light,Fine,French Press,92.14388433794464,253.27375453034063,0.06,0,1,4.24
Arabica,Medium,Fine,Pour-over,92.47116374422832,246.50977659385583,0.059,2,4,7.15
Arabica,Dark,Coarse,Pour-over,92.08004317133161,262.88371113619684,0.071,4,1,6.7
Robusta,Medium,Medium,French Press,91.4272886248181,268.7903176859273,0.066,2,3,5.01
Robusta,Light,Fine,Espresso,96.4523480856079,254.2245339514264,0.063,0,4,4.03
Arabica,Light,Coarse,Cold Brew,93.8135459790661,275.29332249293634,0.067,2,5,4.86
Robusta,Medium,Medium,French Press,90.68984079187821,237.3546954149671,0.063,4,4,5.55
Robusta,Medium,Medium,French Press,90.05737458309453,269.7676788599975,0.071,0,4,4.34
Blend,Light,Medium,Pour-over,98.0,227.7030622160696,0.057,5,2,6.01
Blend,Dark,Fine,Espresso,89.98316518343721,271.31348658951566,0.071,4,3,4.79
Arabica,Light,Coarse,Pour-over,86.47901289129749,304.4068611751443,0.069,0,1,4.5
Arabica,Dark,Coarse,Pour-over,94.23826435861905,196.58175692415136,0.062,2,2,6.63
Robusta,Medium,Fine,Pour-over,86.52667733997062,209.53416375447858,0.069,4,3,5.69
Blend,Dark,Fine,Pour-over,91.543400058927,227.36165094217398,0.068,1,3,5.98
Arabica,Medium,Coarse,Pour-over,87.64647292984532,239.5164420861578,0.065,0,2,6.39
Robusta,Medium,Coarse,Pour-over,92.25906594650111,184.75560976341012,0.06,2,4,5.48
Robusta,Medium,Coarse,Pour-over,89.289969541109,236.43098188333343,0.069,4,3,5.77
Blend,Light,Coarse,Cold Brew,94.22177260430914,201.91284773042602,0.069,4,3,5.04
Arabica,Light,Medium,Espresso,90.48746050697699,236.73909307593416,0.058,5,0,6.28
Robusta,Light,Medium,Cold Brew,92.10245725246408,196.51016244548788,0.059,2,5,3.6
Arabica,Light,Fine,French Press,94.03811984886951,194.04823859365376,0.067,4,4,5.1
Arabica,Dark,Fine,French Press,89.96730604299303,287.7643761218949,0.069,5,0,4.66
Arabica,Medium,Fine,Cold Brew,94.35017152784779,229.93844455822017,0.068,5,4,5.57
Blend,Medium,Fine,Espresso,92.4260462367657,188.40055296699148,0.068,2,1,5.48
Arabica,Dark,Fine,French Press,93.25519466266606,296.06394371785717,0.071,1,5,5.13
Arabica,Medium,Fine,Espresso,87.49075909472054,282.0779047089167,0.068,5,0,5.83
Robusta,Dark,Coarse,Cold Brew,97.98700246935189,364.39674224021445,0.061,0,1,2.87
Arabica,Light,Fine,Pour-over,94.98659740724925,272.6429137357539,0.067,4,5,5.91
Robusta,Dark,Medium,Cold Brew,91.38522862467768,237.28488911708092,0.056,0,4,4.09
Blend,Medium,Coarse,French Press,88.6584407011966,269.494925410433,0.062,0,0,5.53
Robusta,Light,Medium,Cold Brew,88.72489737158206,224.51601190102397,0.068,3,1,5.18
Robusta,Medium,Coarse,Cold Brew,91.03028610643373,283.0157378258431,0.057,2,4,4.38
Robusta,Light,Fine,French Press,92.57962226814259,292.78577977909197,0.071,2,4,5.14
Robusta,Medium,Medium,Cold Brew,92.11980919164407,230.482258106117,0.068,2,2,5.92
Robusta,Medium,Coarse,Cold Brew,89.01082493249879,228.80507655335913,0.069,3,3,4.22
Blend,Medium,Medium,Pour-over,95.04475694736547,240.25917936882865,0.057,5,2,7.5
Blend,Light,Medium,Espresso,87.96354549124334,267.282380343072,0.058,0,0,5.22
Arabica,Light,Coarse,Pour-over,91.28030324875952,225.33995777951594,0.07,4,0,5.25
Blend,Light,Medium,Espresso,92.79393201536386,277.9248575640258,0.059,0,5,5.01
Robusta,Light,Fine,Pour-over,90.15729014435391,219.5866006716901,0.059,3,0,5.28
Robusta,Light,Medium,Espresso,96.16177223315779,285.8649566624771,0.066,5,2,5.54
Blend,Dark,Medium,Espresso,96.00696769143369,238.90840241441197,0.071,1,5,4.98
Robusta,Dark,Fine,Pour-over,93.16451077300397,241.54908081478447,0.064,1,1,4.33
Blend,Medium,Coarse,French Press,93.12344193922533,208.1142910237373,0.065,1,0,5.37
Blend,Medium,Medium,Espresso,94.22824988536077,294.5919523896934,0.064,5,5,5.96
Blend,Light,Fine,Pour-over,88.79983667352136,235.33480270398422,0.067,2,3,5.66
Robusta,Medium,Coarse,Cold Brew,92.34386452759998,204.96401689135564,0.066,5,2,5.25
Robusta,Dark,Medium,Pour-over,85.98160939069281,317.9468383088594,0.065,2,3,4.07
Robusta,Dark,Fine,French Press,98.0,200.8975149810925,0.059,2,4,4.28
Blend,Light,Coarse,Pour-over,88.02058361506676,281.8927082648579,0.062,0,4,5.09
Robusta,Medium,Coarse,Cold Brew,87.40667749233283,260.5701902407134,0.063,0,1,4.75
Arabica,Dark,Medium,French Press,90.99776830706018,262.584237035744,0.071,0,1,5.04
Arabica,Light,Fine,Pour-over,91.92934354737729,233.02582968388657,0.057,2,4,6.44
Arabica,Dark,Medium,Pour-over,94.47814151432452,222.5294305104713,0.067,1,2,5.82
Blend,Medium,Medium,French Press,97.24875171261627,295.2581631476195,0.066,1,1,5.51
Robusta,Medium,Fine,Pour-over,92.79046164599318,251.76896516053975,0.067,0,0,4.83
Robusta,Light,Medium,French Press,91.26107073389957,267.9110760404485,0.062,5,1,5.81
Blend,Dark,Coarse,French Press,96.90258579973153,180.87411648793352,0.07,2,3,3.87
Arabica,Light,Coarse,Cold Brew,92.22786580374826,269.7072967343889,0.059,1,5,5.32
Arabica,Light,Coarse,Pour-over,94.66187251180023,209.46855583285674,0.061,0,4,5.46
Robusta,Dark,Fine,Espresso,95.21893414329804,334.5548997847744,0.06,3,0,4.57
Blend,Medium,Coarse,Pour-over,94.16468751537843,230.76534504620923,0.066,2,2,7.3
Blend,Dark,Medium,French Press,90.18241753772332,308.77511624829185,0.063,3,2,5.67
Robusta,Light,Medium,Pour-over,94.5787636609394,224.5147740084194,0.06,4,2,5.82
Blend,Light,Medium,French Press,94.3795081003793,239.33856999009498,0.057,2,5,5.54
Blend,Medium,Coarse,Cold Brew,91.53878728301834,299.5090814263307,0.071,1,2,5.05
Blend,Light,Fine,Espresso,93.7118389916586,278.72738642131446,0.057,4,0,5.16
Robusta,Light,Fine,Pour-over,89.52376841006314,357.963777012349,0.061,1,3,4.59
Arabica,Dark,Coarse,French Press,92.33204721696748,245.02799288707936,0.059,4,3,5.35
Blend,Light,Fine,French Press,96.34709069383771,203.97411527089298,0.061,4,0,5.01
Blend,Dark,Fine,Cold Brew,92.92478252168748,153.7359721346885,0.068,0,3,4.17
Arabica,Dark,Coarse,Cold Brew,93.82055177964702,322.2617425931817,0.058,4,4,4.05
Arabica,Medium,Fine,Pour-over,89.698947419294,299.10727511750713,0.063,4,0,6.93
Blend,Dark,Medium,Cold Brew,93.23219198980728,298.46952534139575,0.06,5,0,4.66
Robusta,Medium,Medium,French Press,89.03519342546957,168.69181026207906,0.067,2,5,4.62
Arabica,Dark,Fine,Cold Brew,89.35569917462578,201.08200882733337,0.059,2,5,5.16
Robusta,Dark,Medium,Pour-over,90.4748318862258,213.57031855858767,0.06,5,5,4.24
Arabica,Dark,Coarse,Espresso,93.33510759234856,156.31571081499104,0.062,2,2,6.83
Arabica,Medium,Coarse,French Press,95.25778008896839,282.2087540532417,0.058,1,1,6.55
Arabica,Dark,Fine,Cold Brew,91.27630680110795,261.95515375275824,0.057,0,4,6.03
Robusta,Light,Fine,Cold Brew,90.99280701524083,208.4221855903605,0.058,1,0,3.72
Arabica,Medium,Fine,Pour-over,88.1467088767772,234.71651977923426,0.064,4,0,7.12
Arabica,Medium,Fine,Cold Brew,91.86289930670966,209.4003220497549,0.064,4,2,6.51
Robusta,Dark,Medium,Espresso,94.51471063871342,289.77992304084233,0.069,0,2,4.67
Blend,Light,Fine,French Press,90.8369654491873,213.0610590939684,0.064,4,2,5.97
Blend,Light,Medium,Pour-over,95.64596472403423,226.96354749199224,0.062,0,1,5.81
Robusta,Dark,Fine,Cold Brew,91.87152985606528,242.3209093923358,0.057,5,5,4.07
Blend,Light,Medium,French Press,85.25933199804618,215.73198820938813,0.062,4,5,5.35
Blend,Medium,Fine,Cold Brew,86.37034188187438,264.78845783864546,0.059,5,5,4.53
Robusta,Light,Medium,Pour-over,91.44642392703246,215.8102134184715,0.067,1,2,4.25
Blend,Dark,Medium,Espresso,91.45041824533422,266.0464584260925,0.069,0,0,5.17
Robusta,Medium,Coarse,Pour-over,96.53902779801197,295.86387566325055,0.067,1,3,4.75
Arabica,Dark,Fine,Cold Brew,93.2292883878785,205.55648359305718,0.065,4,2,6.0
Blend,Light,Medium,Espresso,90.56152109780227,251.86302180563047,0.07,2,4,6.22
Blend,Light,Coarse,Espresso,94.3523827725941,252.42365035490812,0.065,5,5,5.04
Blend,Dark,Medium,Cold Brew,88.34863879294129,200.48677276318136,0.059,2,0,5.26
Robusta,Light,Fine,Pour-over,89.7257440199384,212.504627516372,0.062,3,1,4.85
Robusta,Light,Coarse,Pour-over,92.09313469328707,248.89064529792967,0.062,1,1,4.6
Robusta,Light,Fine,Pour-over,91.75498690744405,261.73518275779026,0.064,0,2,5.13
Robusta,Dark,Fine,Pour-over,93.65975365995435,192.97621577500593,0.059,1,5,3.37
Robusta,Light,Coarse,Espresso,93.38961887629736,185.31448774159017,0.06,4,3,4.98
Blend,Dark,Coarse,Pour-over,91.916433333868,266.6233586777677,0.067,0,3,5.0
Arabica,Dark,Medium,Pour-over,91.43181457775836,180.51064529015028,0.06,4,4,6.49
Blend,Medium,Coarse,Espresso,93.06766813266296,225.7803755517622,0.059,4,4,6.89
Blend,Light,Fine,French Press,93.00517408725236,252.64623828731112,0.06,5,4,5.83
Blend,Medium,Medium,Espresso,93.83740638204081,199.33267485694012,0.056,2,4,6.2
Robusta,Dark,Coarse,French Press,93.0015798997056,297.25467127324737,0.061,4,2,4.57
Robusta,Light,Fine,Cold Brew,93.45247735679885,209.17728342455277,0.064,1,2,4.59
Robusta,Medium,Medium,French Press,91.6154435912427,266.38884798625577,0.062,2,0,5.64
Arabica,Medium,Medium,French Press,90.19194245651663,275.3696922309524,0.058,0,3,6.97
Robusta,Medium,Fine,French Press,95.16378054868117,247.95610648601308,0.062,1,3,4.75
Robusta,Dark,Coarse,Espresso,92.42350789607463,284.73830579391506,0.067,0,5,3.57
Blend,Medium,Fine,French Press,91.801570145379,213.87633354598654,0.066,5,1,5.74
Arabica,Dark,Medium,Espresso,92.46032292786282,247.11115691719525,0.057,5,2,6.95
Blend,Dark,Coarse,Cold Brew,94.25086073024285,263.96927788451865,0.062,3,5,5.67
Arabica,Dark,Fine,Pour-over,90.40708730656411,226.59448875314192,0.056,0,2,6.18
Blend,Light,Medium,French Press,94.53955427518201,259.9906575398409,0.068,5,5,4.56
Robusta,Dark,Coarse,Cold Brew,98.0,195.87268970767067,0.065,5,1,3.23
Blend,Medium,Medium,Cold Brew,92.45333131185443,270.6110575345904,0.065,2,5,5.45
Arabica,Light,Fine,Pour-over,92.5327139259201,246.57273327604048,0.065,5,5,6.03
Robusta,Light,Fine,Espresso,92.1251681336471,342.5011063733007,0.071,2,4,4.23
Arabica,Medium,Medium,Pour-over,92.58011952147636,229.83775207284592,0.059,0,0,6.54
Arabica,Dark,Coarse,French Press,95.5774896770944,235.1954542715452,0.057,3,3,6.32
Robusta,Medium,Medium,Pour-over,92.92535032499454,213.34863197960374,0.059,1,2,5.87
Robusta,Medium,Coarse,French Press,86.81030650481947,230.7635898527378,0.057,3,4,5.09
Arabica,Dark,Medium,French Press,92.06163613666314,261.73186656329165,0.059,3,1,6.15
Robusta,Light,Medium,Cold Brew,89.69001180140762,188.15533343000422,0.066,3,4,4.97
Blend,Dark,Coarse,Pour-over,96.501714106888,236.95612925552163,0.068,5,2,4.71
Arabica,Dark,Medium,Cold Brew,91.51778767606442,281.43389219470475,0.071,1,0,4.59
Robusta,Light,Fine,Espresso,94.94935289892965,194.17365715338582,0.061,1,2,5.02
Blend,Medium,Coarse,Pour-over,92.52188344905713,198.43705734432876,0.068,3,1,6.16
Robusta,Dark,Medium,French Press,87.78443045958927,237.9038219769012,0.063,2,3,5.95
Robusta,Dark,Medium,French Press,94.85434783117427,225.33971918527791,0.062,3,2,5.49
Robusta,Medium,Medium,Pour-over,93.03483500463885,250.47801397365254,0.065,1,5,4.64
Robusta,Medium,Fine,Cold Brew,88.30019352110936,266.42893577854994,0.064,0,4,3.78
Blend,Medium,Fine,French Press,93.20626477460883,188.33897592927195,0.06,3,2,6.89
Blend,Light,Fine,Cold Brew,93.3259580191851,222.78458094411934,0.06,4,5,5.12
Arabica,Dark,Fine,Pour-over,93.3352594140602,225.99926181635436,0.068,2,2,6.27
Robusta,Light,Fine,Cold Brew,95.7147138219393,204.92029621957792,0.065,4,5,4.06
Robusta,Light,Coarse,Cold Brew,86.99468373829211,341.1825802185129,0.067,4,1,3.58
Blend,Dark,Fine,Pour-over,93.60445200903773,289.1592200995625,0.067,5,3,4.11
Robusta,Dark,Fine,Cold Brew,90.2461468080284,238.75764268516392,0.07,4,5,3.32
Robusta,Medium,Medium,Cold Brew,94.10376667753019,247.26436265014038,0.068,4,4,5.99
Arabica,Medium,Coarse,French Press,91.382694205911,238.21027276949607,0.062,0,5,5.17
Blend,Light,Coarse,Cold Brew,95.51498693534165,225.3865618795012,0.058,4,5,4.2
Arabica,Dark,Fine,Cold Brew,88.66998928434222,336.40194597628533,0.07,1,3,4.66
Blend,Medium,Fine,Espresso,90.04750182311011,240.07383820924022,0.056,0,0,6.43
Robusta,Light,Medium,French Press,91.34403676551229,177.87471786524682,0.056,0,4,3.62
Arabica,Dark,Coarse,French Press,92.74753601514169,204.26027064449568,0.06,5,3,6.12
Robusta,Medium,Fine,Cold Brew,90.53852593206288,297.16468074204124,0.058,0,0,3.57
Blend,Dark,Fine,Cold Brew,94.26224951087141,195.26903381738884,0.065,5,5,4.21
Robusta,Dark,Fine,Espresso,95.88761534558904,211.2467044956508,0.061,0,4,4.57
Arabica,Medium,Medium,Cold Brew,92.27525745334512,250.0896158570671,0.07,3,2,8.28
Robusta,Medium,Coarse,French Press,94.95634905684565,274.76618369987585,0.071,2,3,4.5
Arabica,Medium,Medium,Cold Brew,89.33227751531503,278.2120223295101,0.06,1,4,6.55
Blend,Medium,Coarse,Pour-over,96.41801202725294,215.8407749612308,0.063,0,1,5.45
Robusta,Dark,Medium,French Press,94.98971153173834,221.3401848308721,0.07,1,3,4.2
Blend,Medium,Fine,Pour-over,90.70824031945317,271.90411399999016,0.06,5,4,5.35
Arabica,Light,Coarse,Espresso,92.25562834890171,120.35456116397107,0.059,5,5,5.29
Arabica,Medium,Coarse,Espresso,94.33222205829354,258.66683927864324,0.07,4,2,7.93
Arabica,Medium,Fine,Cold Brew,89.15325043752549,309.89452791662234,0.062,1,3,5.58
Robusta,Dark,Medium,Cold Brew,95.0364093827256,214.86463636019448,0.063,1,5,3.66
Blend,Light,Coarse,Pour-over,92.4360374082519,264.6574569008694,0.069,3,5,5.17
Arabica,Light,Coarse,Espresso,88.09328237295104,253.93157320399035,0.071,5,3,5.52
Arabica,Medium,Medium,Cold Brew,94.32730165220953,294.8824569579874,0.065,1,4,5.85
Blend,Light,Fine,Espresso,91.60715233344658,203.50450189950442,0.069,2,1,6.03
Blend,Medium,Coarse,Cold Brew,93.99414225892667,243.63875907101635,0.057,2,4,5.32
Arabica,Medium,Coarse,French Press,92.50520587080642,231.6400015722507,0.057,5,4,5.8
Blend,Medium,Medium,Pour-over,92.96740070300524,231.07731858077034,0.068,3,2,7.65
Arabica,Medium,Fine,Pour-over,98.0,170.2267712288697,0.07,5,3,6.37
Blend,Light,Coarse,Espresso,91.80207613732757,258.0262222133862,0.061,3,0,5.78
Blend,Medium,Coarse,Cold Brew,97.66306297202057,262.2621249813503,0.06,1,5,3.95
Arabica,Medium,Fine,Espresso,92.81959759706614,257.7279463966292,0.057,2,4,6.89
Arabica,Medium,Medium,Espresso,93.26035399475592,243.22826505546965,0.058,5,0,6.91
Robusta,Light,Medium,French Press,94.09119582204316,230.43334479723848,0.065,5,4,5.57
Blend,Light,Medium,Pour-over,93.30900556524652,211.41941870377045,0.059,3,5,6.37
Robusta,Medium,Medium,French Press,90.4000857997164,249.0279255124609,0.062,1,1,5.57
Arabica,Light,Fine,Pour-over,93.22481492270609,270.58793338658694,0.065,3,0,6.14
Robusta,Medium,Coarse,Pour-over,89.83875542958849,209.50869968010738,0.064,2,3,5.78
Robusta,Light,Fine,French Press,96.0374098020886,269.4901013177279,0.07,3,4,4.13
Robusta,Medium,Coarse,Pour-over,94.73745016864224,234.3482774717562,0.071,2,3,6.1
Blend,Dark,Medium,Pour-over,89.42968371851963,217.77812882052532,0.062,3,2,6.68
Blend,Light,Medium,French Press,90.68522264786432,218.47363995173086,0.064,1,2,6.1
Blend,Light,Medium,Espresso,87.27094487330169,254.14191452794705,0.07,2,1,5.97
Blend,Light,Coarse,Espresso,88.55111240314756,200.64268467559768,0.057,5,1,4.53
Blend,Light,Fine,French Press,85.65247530430032,252.09245220590572,0.056,1,4,5.26
Arabica,Medium,Medium,French Press,86.09879088923854,195.3125415317199,0.07,1,1,6.39
Arabica,Light,Coarse,Cold Brew,87.16201472587932,259.9764427677841,0.059,2,2,5.79
Blend,Light,Fine,Pour-over,93.6143988937054,273.2203183064035,0.067,3,0,5.48
Blend,Light,Fine,Pour-over,95.83839479497325,281.66898656235406,0.071,3,5,5.51
Blend,Light,Fine,French Press,89.87932229603796,274.2222263608285,0.071,2,0,5.9
Arabica,Dark,Coarse,Pour-over,95.21183167993756,210.81590120770363,0.07,1,2,5.9
Arabica,Medium,Medium,Espresso,91.41043364171784,277.9669482571069,0.063,5,0,6.85
Blend,Medium,Medium,Pour-over,90.98451810712311,299.8440893370224,0.07,0,5,4.69
Arabica,Light,Coarse,Espresso,89.4785871929422,231.01017517940062,0.056,5,2,5.84
Robusta,Light,Medium,Pour-over,93.03306730786387,225.0535168694332,0.069,3,0,5.17
Arabica,Light,Fine,Pour-over,90.2182904839391,235.75114024631955,0.056,0,2,6.21
Arabica,Dark,Coarse,French Press,91.75543151954196,232.70327457841844,0.068,1,3,5.61
Robusta,Dark,Medium,Cold Brew,94.8746147518827,161.34242923455804,0.056,1,2,5.11
Arabica,Dark,Coarse,Espresso,95.90093957640677,217.61072351439572,0.064,3,3,6.75
Blend,Dark,Medium,Espresso,88.51420252503127,227.64369873576928,0.059,0,3,5.42
Robusta,Medium,Medium,French Press,89.31007331805438,273.6793478180851,0.057,5,1,4.92
Blend,Dark,Fine,Espresso,94.524514039448,254.7848141735732,0.068,4,2,7.17
Robusta,Medium,Medium,Cold Brew,91.53188069992045,181.6956928401797,0.059,4,2,5.5
Blend,Light,Medium,Espresso,92.29977551665172,274.6301093203836,0.067,3,1,7.44
Robusta,Medium,Medium,Espresso,89.40478571848662,302.7118452478589,0.059,5,5,4.29
Robusta,Medium,Fine,French Press,93.57018505070604,226.97650571387513,0.07,3,0,5.23
Arabica,Medium,Coarse,Espresso,87.71555451366471,270.4522225363781,0.069,0,3,5.43
Blend,Medium,Fine,Cold Brew,93.40348017570787,323.2507851506689,0.057,3,4,5.5
Arabica,Light,Fine,Espresso,85.0,289.6351828818761,0.064,2,4,5.78
Robusta,Dark,Coarse,Cold Brew,90.89951700227877,299.9110616496809,0.063,1,3,3.48
Blend,Medium,Medium,French Press,98.0,235.15680154363824,0.062,0,2,6.39
Arabica,Medium,Fine,French Press,96.40874761208266,251.81709146259539,0.056,1,3,6.92
Arabica,Medium,Coarse,French Press,89.82726040382498,263.45331902312546,0.057,1,2,6.23
Robusta,Light,Medium,Espresso,90.64068239605787,275.7889405858855,0.066,0,5,5.06
Blend,Dark,Medium,Espresso,94.75194548407633,171.1821755905315,0.06,0,4,5.71
Blend,Dark,Fine,Espresso,94.05101726425075,237.78210551544828,0.061,0,5,5.19
Arabica,Light,Medium,French Press,89.03637997729776,206.1259613549854,0.063,1,3,6.96
Arabica,Light,Medium,French Press,90.74627136270233,158.96768507554492,0.056,0,1,5.32
Robusta,Light,Fine,Espresso,95.68651788521765,267.57619747121066,0.067,5,2,5.82
Robusta,Dark,Fine,Pour-over,95.50066362706957,260.38145181743727,0.062,3,4,5.86
Robusta,Light,Fine,French Press,97.85342614489338,209.07666177718076,0.057,1,5,3.77
Blend,Dark,Coarse,French Press,93.12896533109355,252.44863591805958,0.058,5,3,4.15
Robusta,Light,Medium,Pour-over,94.62253075171498,254.95073712373977,0.065,4,2,6.4
Blend,Dark,Medium,Pour-over,89.5933931472914,224.98492177627648,0.063,5,5,5.47
Robusta,Dark,Coarse,Cold Brew,92.86985732224954,248.09156225545155,0.07,5,3,3.62
Arabica,Light,Coarse,Pour-over,89.71943165311374,251.48533416491944,0.062,2,5,5.44
Robusta,Dark,Medium,Cold Brew,96.06632840331649,286.8079483678641,0.071,2,4,3.82
Arabica,Medium,Medium,Espresso,89.41489078923122,241.2012591665633,0.064,5,1,6.75
Robusta,Light,Medium,French Press,96.510259485287,226.79519624134198,0.061,2,5,4.61
Arabica,Light,Coarse,Espresso,96.2555940354441,140.4876537385968,0.069,2,3,6.16
Arabica,Dark,Medium,Cold Brew,93.01407044330513,191.71913408571137,0.062,4,3,5.55
Arabica,Light,Fine,Espresso,88.53994846821212,285.49258169458915,0.058,2,3,6.61
Arabica,Medium,Coarse,Espresso,88.92274194907917,284.0328559369042,0.068,3,2,7.71
Blend,Dark,Fine,French Press,97.28356437460212,239.98745309552902,0.065,4,4,6.4
Arabica,Dark,Coarse,Cold Brew,88.95572152044244,225.54148933224056,0.058,1,1,5.34
Blend,Light,Fine,French Press,91.83828545298279,200.70785678490742,0.065,3,0,5.82
Blend,Dark,Fine,Espresso,89.287795130792,178.041578997861,0.066,2,2,5.85
Robusta,Medium,Fine,Cold Brew,91.99278847724344,216.42913392842775,0.066,5,3,5.4
Robusta,Medium,Coarse,Espresso,87.3628106399278,303.59355912722737,0.061,2,4,4.99
Arabica,Medium,Medium,Espresso,89.90204537651701,286.49833146369224,0.071,4,5,6.62
Robusta,Light,Medium,Cold Brew,92.52648490388297,265.07334628112517,0.066,1,2,5.04
Arabica,Dark,Coarse,Espresso,94.45438185874455,155.7259843456876,0.068,1,3,4.3
Robusta,Light,Fine,Espresso,94.83070064570224,234.35109857382997,0.057,5,5,5.25
Blend,Medium,Fine,Cold Brew,91.99655963277361,211.1172802801749,0.057,5,5,5.14
Robusta,Dark,Coarse,Espresso,91.90884353147004,207.56595463437276,0.062,0,1,5.31
Robusta,Medium,Fine,French Press,90.05144536728851,256.42246460907774,0.059,1,1,5.3
Arabica,Light,Medium,Espresso,86.87207106437657,206.45627388144544,0.066,3,0,6.53
Blend,Light,Coarse,Pour-over,96.50194936919912,276.3334464432438,0.059,5,1,5.19
Robusta,Light,Medium,Cold Brew,95.0809587899592,284.23601697429234,0.064,2,2,4.8
Arabica,Light,Fine,Pour-over,94.58490837349383,245.5624159461367,0.062,3,4,7.0
Arabica,Dark,Coarse,Espresso,91.77300318702251,318.90168707159233,0.057,5,1,4.58
Blend,Medium,Fine,Espresso,92.82948843012164,106.41999286983031,0.059,5,2,4.98
Robusta,Light,Coarse,Cold Brew,88.96687470617057,263.8315120639744,0.061,1,1,3.48
Blend,Dark,Fine,French Press,93.6787311845314,207.45878602535055,0.056,5,2,6.63
Arabica,Light,Medium,Pour-over,93.59523464937698,247.4704821939296,0.063,4,3,7.51
Blend,Medium,Coarse,Pour-over,90.23027210640274,273.7713291238967,0.058,1,3,5.49
Blend,Medium,Coarse,Espresso,91.20615588988362,304.7352531539134,0.07,3,2,6.16
Robusta,Medium,Medium,Espresso,91.20607194109783,185.47686620409223,0.059,3,0,5.41
Robusta,Medium,Fine,Cold Brew,92.01885357467562,142.63294456629632,0.056,2,5,3.0
Blend,Light,Fine,Cold Brew,91.10660780136713,192.93185941870132,0.056,0,0,4.46
Arabica,Dark,Medium,Cold Brew,93.69037986254972,271.64836156051524,0.064,1,4,5.32
Arabica,Light,Fine,French Press,89.42291738339387,272.541921598822,0.065,3,5,4.61
Robusta,Medium,Medium,Pour-over,98.0,283.5507861686669,0.058,3,2,5.9
Arabica,Light,Medium,Cold Brew,97.0871686334326,315.89154779092445,0.069,3,5,5.4
Robusta,Dark,Fine,Pour-over,87.98982368337221,223.5270652414537,0.071,5,0,4.03
Arabica,Medium,Coarse,Pour-over,87.08718524762999,244.78401050668418,0.061,2,5,6.44
Blend,Medium,Coarse,Espresso,92.39306228623609,226.64884516644452,0.064,1,2,6.06
Robusta,Dark,Fine,Pour-over,88.65944230271602,310.8067046258909,0.063,3,3,4.24
Robusta,Dark,Coarse,Cold Brew,90.45434481857527,301.2078079545341,0.061,5,4,3.42
Robusta,Dark,Medium,French Press,91.01894804717068,231.46172882598248,0.058,1,1,4.22
Blend,Dark,Coarse,Pour-over,92.63437326160171,284.6186673238085,0.062,0,2,4.68
Blend,Light,Fine,Pour-over,90.61322815975744,276.3047310720083,0.066,5,5,4.9
Robusta,Medium,Medium,French Press,97.27525357213737,294.63354422225854,0.065,5,2,5.69
Robusta,Light,Fine,French Press,95.66246389643915,204.9290487515262,0.062,2,0,4.91
Blend,Medium,Coarse,French Press,93.42629204757986,208.1777172823647,0.062,5,4,5.65
Blend,Medium,Medium,Pour-over,95.41620432282082,318.81033794536546,0.056,3,2,6.07
Arabica,Dark,Coarse,Espresso,91.14894591896554,294.7239392705525,0.063,5,4,4.85
Robusta,Medium,Fine,Espresso,96.49229504953888,314.3080937415093,0.058,0,2,4.26
Arabica,Dark,Medium,Espresso,93.01609510651755,288.18697759974816,0.065,5,2,6.38
Robusta,Medium,Medium,Cold Brew,93.84452419190892,311.14620506152994,0.068,1,4,3.72
Arabica,Medium,Fine,Espresso,91.8925232638806,218.7418179456314,0.065,0,1,6.12
Blend,Light,Coarse,Cold Brew,86.47976676648274,238.7087755580212,0.067,4,2,5.66
Arabica,Dark,Fine,Espresso,92.36923460496854,235.47487789937037,0.057,1,0,5.5
Robusta,Light,Coarse,Espresso,89.33165375228135,226.86068114357866,0.06,0,3,4.44
Blend,Light,Medium,Cold Brew,86.63303176160899,249.11718680039812,0.061,4,2,5.53
Arabica,Light,Fine,Pour-over,93.32623711040303,288.8452431410597,0.06,0,0,5.2
Blend,Light,Fine,Cold Brew,90.54241193478708,260.6968719675786,0.062,0,4,4.46
Blend,Light,Coarse,Espresso,96.8058425195372,307.2198252165859,0.057,0,2,4.12
Arabica,Dark,Medium,Cold Brew,92.28237280336783,211.23973329274384,0.068,3,0,5.22
Robusta,Dark,Fine,Espresso,88.66226509396685,198.78774106822647,0.06,2,0,4.49
Blend,Light,Medium,Pour-over,94.99825709803373,316.13170750908637,0.066,4,3,6.04
Blend,Light,Coarse,Cold Brew,93.94849209457772,225.44322426041452,0.056,5,0,4.29
Arabica,Medium,Medium,Cold Brew,87.91126575995007,267.9608123433558,0.056,1,5,5.52
Blend,Light,Coarse,Pour-over,87.9512713653454,223.39144928378914,0.071,4,4,5.46
Arabica,Light,Coarse,Cold Brew,89.89838951597139,270.40473505025443,0.071,3,0,5.94
Blend,Light,Coarse,Cold Brew,97.77862268819773,198.0871178348923,0.067,2,1,4.53
Arabica,Dark,Medium,French Press,90.64813614777532,281.39455427093736,0.062,3,2,6.23
Blend,Medium,Coarse,French Press,94.46436328776022,241.82465717286175,0.068,0,3,5.12
Blend,Dark,Coarse,Espresso,95.15355134044972,217.99449154087722,0.066,3,5,5.4
Arabica,Medium,Fine,Cold Brew,90.50920392464606,232.69724102481837,0.063,2,1,7.47
Blend,Dark,Fine,French Press,90.23910293872304,224.9063169220876,0.069,2,1,5.74
